id,question,answer,sources,auto_correct,manual_correct,manual_supported_by_context,notes
A1,How many hours can I work per fortnight during my course?,You are allowed to work up to 48 hours per fortnight during your course.,Student visa (subclass 500).txt; Hiring Student Visa Holders_ Condition 8104 & 8105 Guide.pdf,True,,,
A2,Can I work unlimited hours during scheduled course breaks?,"Yes, you can work unlimited hours during scheduled course breaks, as long as your course was deferred or suspended in line with Standard 9 of the National Code of Practice for Providers of Education and Training.",Student visa (subclass 500).txt; Hiring Student Visa Holders_ Condition 8104 & 8105 Guide.pdf,True,,,
A3,Is there a work hour limit for Masters by Research or Doctoral students?,"There is no work hour limit for Masters by Research or Doctoral students, as they can work unlimited hours at any time after their enrolled course has officially commenced.",Hiring Student Visa Holders_ Condition 8104 & 8105 Guide.pdf; Student visa (subclass 500).txt,True,,,
A4,What happens if I exceed my work hour limit?,"If you exceed your work hour limit, you may have your student visa cancelled.",Student visa (subclass 500).txt; Hiring Student Visa Holders_ Condition 8104 & 8105 Guide.pdf,True,,,
A5,Do I need OSHC for my whole stay in Australia?,"No, you do not need OSHC for your whole stay in Australia. You need to have adequate health insurance arrangements in place for the duration of your stay in Australia, but the specific requirements and duration of coverage may vary depending on your individual circumstances and visa type.",OSHC  adequate health insurance requirement.txt,True,,,
A6,How can I check my own visa conditions?,"You can check your own visa conditions by using VEVO, Visa Entitlement Verification Online.",VEVO checking your own visa conditions.txt,True,,,
A7,How many days do I have to notify my provider of my address after arriving?,You have 7 days to notify your education or training provider of your residential address after arriving in Australia.,I Standard 8.pdf; Student visa (subclass 500).txt,True,,,
B1,What is the age limit to apply for the Temporary Graduate visa?,You must be 35 years of age or under when you apply for the Temporary Graduate visa.,Temporary Graduate visa (subclass 485) Post-Higher Education Work stream6.pdf; Temporary Graduate visa (subclass 485) Second Post-Higher Education Work stream11.pdf; Temporary Graduate visa (subclass 485) Post-Vocational Education Work stream1.pdf,True,,,
B2,What streams are available under the subclass 485 visa?,The streams available under the subclass 485 visa are the Graduate Work stream and the Skilled-Recognised Graduate (subclass 476) visa.,Changes to the Temporary Graduate (Subclass 485) visa _ Study Australia.pdf; Temporary Graduate visa (subclass 485) Second Post-Higher Education Work stream11.pdf; Temporary Graduate visa (subclass 485) Second Post-Higher Education Work stream13.pdf,False,,,
B3,Do I need to have held a student visa recently to apply?,You do not need to have held a student visa recently to apply for a Temporary Graduate visa (subclass 485) Post-Higher Education Work stream.,Temporary Graduate visa (subclass 485) Post-Higher Education Work stream7.pdf; Temporary Graduate visa (subclass 485) Post-Higher Education Work stream6.pdf; Temporary Graduate visa (subclass 485) Second Post-Higher Education Work stream12.pdf,False,,,
B4,Does my qualification need to be from a CRICOS-registered course?,"Yes, your qualification needs to be from a CRICOS-registered course. The course requirements must be registered on the Commonwealth Register of Institutions and Courses for Overseas Students (CRICOS).",485 study requirement detail page.txt; Temporary Graduate visa (subclass 485).txt; Temporary Graduate visa (subclass 485) Second Post-Higher Education Work stream9.pdf,True,,,
B5,Can I change streams after I apply?,"You cannot change streams after you apply. The qualification you use to meet the Temporary Graduate visa study requirement determines the stream you can apply for, and this cannot be changed after the application has been submitted.",Temporary Graduate visa (subclass 485).txt; Temporary Graduate visa (subclass 485) Post-Higher Education Work stream7.pdf,True,,,
